﻿<?xml version="1.0" encoding="utf-8"?>
<modification>
	<name>Product Limiter</name>
	<version>1.2</version>
	<author>REDS</author>
	<link>http://www.agenciaprai.com</link>
	<code>product_limiter</code>
	
	<file path="admin/controller/catalog/product.php">
		<operation>
		<search><![CDATA[
		$product_total = $this->model_catalog_product->getTotalProducts($filter_data);
		]]></search>
		<add position="after"><![CDATA[
		// Config max products
		$data['max_products'] = $this->model_catalog_product->getTotalProducts($filter_data);
		]]></add>
		</operation>
	</file>

<file path="admin/view/template/catalog/product_list.twig">
	<operation>
		<search><![CDATA[
		<a href="{{ add }}" data-toggle="tooltip" title="{{ button_add }}" class="btn btn-primary"><i class="fa fa-plus"></i></a>
		]]></search>
		<add position="before" offset="1"><![CDATA[
		{% if max_products <= 20 %}
		<a href="{{ add }}" data-toggle="tooltip" title="{{ button_add }}" class="btn btn-primary"><i class="fa fa-plus"></i></a>
		<button type="submit" form="form-product" formaction="{{ copy }}" data-toggle="tooltip" title="{{ button_copy }}" class="btn btn-default"><i class="fa fa-copy"></i></button>
		{% endif %}
		]]></add>
	</operation>
	
</file>

	
</modification>